<?xml version="1.0" encoding="UTF-8"?>
<!DOCTYPE mapper PUBLIC "-//mybatis.org//DTD Mapper 3.0//EN" "http://mybatis.org/dtd/mybatis-3-mapper.dtd">
<mapper namespace="com.minzheng.blog.dao.TalkDao">

    <select id="listTalks" resultType="com.minzheng.blog.dto.TalkDTO">
        SELECT
          t.id,
          nickname,
          avatar,
          content,
          images,
          t.is_top,
          t.create_time
        FROM
          tb_talk t
          JOIN tb_user_info ui ON t.user_id = ui.id
        WHERE
          t.status = 1
        ORDER BY
            t.is_top DESC,
            t.id DESC
        LIMIT #{current},#{size}
    </select>

    <select id="listBackTalks" resultType="com.minzheng.blog.dto.TalkBackDTO">
        SELECT
            t.id,
            nickname,
            avatar,
            content,
            images,
            t.is_top,
            t.status,
            t.create_time
        FROM
            tb_talk t
            JOIN tb_user_info ui ON t.user_id = ui.id
        <where>
            <if test="condition.status != null">
                t.status = #{condition.status}
            </if>
        </where>
        ORDER BY
            t.is_top DESC,
            t.id DESC
        LIMIT #{current},#{size}
    </select>

    <select id="getTalkById" resultType="com.minzheng.blog.dto.TalkDTO">
        SELECT
          t.id,
          nickname,
          avatar,
          content,
          images,
          t.create_time
        FROM
          tb_talk t
          JOIN tb_user_info ui ON t.user_id = ui.id
        WHERE
          t.id = #{talkId}
          AND t.status = 1
    </select>


    <select id="getBackTalkById" resultType="com.minzheng.blog.dto.TalkBackDTO">
        SELECT
            t.id,
            nickname,
            avatar,
            content,
            images,
            t.is_top,
            t.status,
            t.create_time
        FROM
            tb_talk t
            JOIN tb_user_info ui ON t.user_id = ui.id
        WHERE
            t.id = #{talkId}
    </select>

</mapper>
